,image,inference time,label1,index1,value1,label2,index2,value2,label3,index3,value3,label4,index4,value4,label5,index5,value5
0,/home/pi/sambashare/BacArbeit/images/ILSVRC2012_val_00000005.JPEG,0.23970857400854584,teddy,851,0.002591158263385296,diaper,530,0.005892599932849407,bassinet,432,0.047896336764097214,crib,521,0.2163817435503006,cradle,517,0.6832303404808044
1,/home/pi/sambashare/BacArbeit/images/ILSVRC2012_val_00000003.JPEG,0.31167641999491025,Pembroke,264,0.00053217081585899,Australian terrier,194,0.0005981603171676397,Border collie,233,0.0006305162096396089,collie,232,0.07769546657800674,Shetland sheepdog,231,0.8779672384262085
2,/home/pi/sambashare/BacArbeit/images/ILSVRC2012_val_00000004.JPEG,0.1543838570069056,cup,969,0.04340941086411476,espresso,968,0.06783409416675568,mixing bowl,660,0.08860262483358383,eggnog,970,0.09254488348960876,soup bowl,810,0.5147895812988281
3,/home/pi/sambashare/BacArbeit/images/ILSVRC2012_val_00000002.JPEG,0.17694618699897546,paper towel,701,0.0018343713600188494,llama,356,0.0021141511388123035,valley,980,0.0025907133240252733,alp,971,0.04991010203957558,ski,796,0.7195531129837036
4,/home/pi/sambashare/BacArbeit/images/ILSVRC2012_val_00000001.JPEG,0.1654445830063196,hammerhead,5,0.014249281957745552,sea snake,66,0.7653424739837646,rock python,63,0.021860238164663315,leatherback turtle,35,0.014277849346399307,loggerhead,34,0.038262415677309036
