,image,inference time,label,index,value,boxes
0,/home/pi/sambashare/BacArbeit/images/000000000285.jpg,6.532306394976331,['21: bear'],[21],[0.7223444],"[[10, 79, 582, 638]]"
1,/home/pi/sambashare/BacArbeit/images/000000000139.jpg,6.374491978989681,"['62: tv', '75: vase', '56: chair', '75: vase', '62: tv', '56: chair', '58: potted plant', '74: clock', '75: vase', '75: vase', '56: chair', '75: vase', '73: book', '60: dining table', '60: dining table', '73: book', '58: potted plant', '72: refrigerator', '56: chair']","[62, 75, 56, 75, 62, 56, 58, 74, 75, 75, 56, 75, 73, 60, 60, 73, 58, 72, 56]","[0.9231755, 0.8829206, 0.8614053, 0.81142586, 0.7611622, 0.7242634, 0.6950734, 0.67682517, 0.64092076, 0.6016633, 0.5957571, 0.54902935, 0.4318963, 0.39853293, 0.35306725, 0.29812333, 0.2963212, 0.27350244, 0.26293105]","[[5, 166, 155, 263], [166, 233, 186, 267], [291, 217, 352, 317], [548, 298, 587, 401], [558, 208, 639, 285], [361, 219, 423, 317], [231, 177, 266, 213], [448, 120, 460, 142], [349, 206, 362, 231], [241, 197, 252, 213], [404, 219, 442, 311], [360, 214, 373, 231], [121, 73, 127, 108], [319, 226, 397, 318], [461, 354, 637, 425], [66, 62, 72, 101], [332, 176, 374, 230], [441, 164, 512, 290], [312, 218, 340, 230]]"
