,image,inference time,label1,index1,value1,label2,index2,value2,label3,index3,value3,label4,index4,value4,label5,index5,value5
0,"[[[ 49  49  49]
  [ 52  52  52]
  [ 50  50  50]
  ...
  [ 39  39  39]
  [ 41  41  41]
  [ 43  43  43]]

 [[ 43  43  43]
  [ 45  45  45]
  [ 46  46  46]
  ...
  [ 40  40  40]
  [ 40  40  40]
  [ 40  40  40]]

 [[ 49  49  49]
  [ 48  48  48]
  [ 50  50  50]
  ...
  [ 45  45  45]
  [ 43  43  43]
  [ 42  42  42]]

 ...

 [[112 112 112]
  [116 116 116]
  [121 121 121]
  ...
  [ 48  48  48]
  [205 205 205]
  [247 247 247]]

 [[114 114 114]
  [117 117 117]
  [120 120 120]
  ...
  [ 11  11  11]
  [ 99  99  99]
  [252 252 252]]

 [[112 112 112]
  [116 116 116]
  [118 118 118]
  ...
  [ 18  18  18]
  [ 50  50  50]
  [213 213 213]]]",0.010019500041380525,sax,776,0.012860774993896484,French horn,566,0.016309114173054695,violin,889,0.052141208201646805,oboe,683,0.06186214089393616,cello,486,0.7730950713157654
