,image,inference time,label1,index1,value1,label2,index2,value2,label3,index3,value3,label4,index4,value4,label5,index5,value5
0,/home/pi/sambashare/BacArbeit/randomized_iamges/0.jpg,0.18676035100020272,leatherback turtle,35,0.014509634114801884,tennis ball,853,0.015343823470175266,loudspeaker,633,0.016441522166132927,jellyfish,108,0.0314083956182003,nematode,112,0.01678905077278614
1,/home/pi/sambashare/BacArbeit/randomized_iamges/1.jpg,0.056323917999861806,digital clock,531,0.017424393445253372,nematode,112,0.020626312121748924,jellyfish,108,0.025020327419042587,tennis ball,853,0.06778077781200409,golf ball,575,0.02923683077096939
2,/home/pi/sambashare/BacArbeit/randomized_iamges/2.jpg,0.056353400000034526,tennis ball,853,0.014533587731420994,digital clock,531,0.018367405980825424,loudspeaker,633,0.018677733838558197,nematode,112,0.037522125989198685,jellyfish,108,0.03766993433237076
3,/home/pi/sambashare/BacArbeit/randomized_iamges/3.jpg,0.05968874500013044,digital clock,531,0.023561488837003708,golf ball,575,0.025978079065680504,jellyfish,108,0.027312442660331726,tennis ball,853,0.0501696839928627,nematode,112,0.029484232887625694
4,/home/pi/sambashare/BacArbeit/randomized_iamges/4.jpg,0.056205362000127934,golf ball,575,0.015368200838565826,digital clock,531,0.017290672287344933,nematode,112,0.01932913437485695,tennis ball,853,0.02615399658679962,jellyfish,108,0.031769048422575
