,image,inference time,label1,index1,value1,label2,index2,value2,label3,index3,value3,label4,index4,value4,label5,index5,value5
0,/home/pi/sambashare/BacArbeit/randomized_iamges/0.jpg,0.17887835700003052,conch,113,0.014309408143162727,digital clock,531,0.016718978062272072,nematode,112,0.019870348274707794,tennis ball,853,0.02385610155761242,jellyfish,108,0.044322844594717026
1,/home/pi/sambashare/BacArbeit/randomized_iamges/1.jpg,0.05659643900003175,conch,113,0.01436919067054987,digital clock,531,0.015603399835526943,nematode,112,0.019024409353733063,tennis ball,853,0.02504783496260643,jellyfish,108,0.03491201624274254
2,/home/pi/sambashare/BacArbeit/randomized_iamges/2.jpg,0.06250800299994808,digital clock,531,0.016842423006892204,nematode,112,0.01923266053199768,loudspeaker,633,0.022089270874857903,jellyfish,108,0.0436638668179512,tennis ball,853,0.020563296973705292
3,/home/pi/sambashare/BacArbeit/randomized_iamges/3.jpg,0.05626219900000251,space heater,812,0.013924572616815567,golf ball,575,0.01858147792518139,conch,113,0.020752206444740295,tennis ball,853,0.04167122766375542,jellyfish,108,0.021915718913078308
4,/home/pi/sambashare/BacArbeit/randomized_iamges/4.jpg,0.05694877199994153,digital clock,531,0.020109781995415688,golf ball,575,0.020866062492132187,nematode,112,0.023342497646808624,jellyfish,108,0.030421577394008636,tennis ball,853,0.04130661115050316
