,image,inference time,label1,index1,value1,label2,index2,value2,label3,index3,value3,label4,index4,value4,label5,index5,value5
0,/home/pi/sambashare/BacArbeit/randomized_iamges/0.jpg,0.17793119099997057,pool table,737,0.014884667471051216,digital clock,531,0.020916273817420006,tennis ball,853,0.020931653678417206,nematode,112,0.03072020225226879,jellyfish,108,0.03710594400763512
1,/home/pi/sambashare/BacArbeit/randomized_iamges/1.jpg,0.06509310999990703,golf ball,575,0.014224904589354992,digital clock,531,0.018838565796613693,nematode,112,0.0241635013371706,tennis ball,853,0.032830264419317245,jellyfish,108,0.03893659636378288
2,/home/pi/sambashare/BacArbeit/randomized_iamges/2.jpg,0.06014880299994729,digital clock,531,0.017064236104488373,loudspeaker,633,0.01739603653550148,tennis ball,853,0.019283175468444824,jellyfish,108,0.03126472979784012,nematode,112,0.025531183928251266
3,/home/pi/sambashare/BacArbeit/randomized_iamges/3.jpg,0.057313345000011395,golf ball,575,0.013438642024993896,tennis ball,853,0.03662632778286934,jellyfish,108,0.024840528145432472,digital clock,531,0.01684245467185974,nematode,112,0.019924897700548172
4,/home/pi/sambashare/BacArbeit/randomized_iamges/4.jpg,0.043592146000037246,conch,113,0.014809075742959976,golf ball,575,0.01569918915629387,nematode,112,0.020248927175998688,jellyfish,108,0.02885492518544197,tennis ball,853,0.04109100252389908
