,image,inference time,label,index,value,boxes
0,/Users/marounel-chayeb/BacArbeit/coco_test_images/000000397133.jpg,0.4708049159962684,"['0: person', '45: bowl', '45: bowl', '39: bottle', '45: bowl', '44: spoon', '0: person', '2: car', '41: cup', '69: oven', '44: spoon', '39: bottle', '44: spoon', '44: spoon', '71: sink', '44: spoon', '44: spoon']","[0, 45, 45, 39, 45, 44, 0, 2, 41, 69, 44, 39, 44, 44, 71, 44, 44]","[0.935817, 0.89802045, 0.750265, 0.6702726, 0.6518818, 0.59022593, 0.57478833, 0.4636999, 0.43667546, 0.4248107, 0.37426746, 0.3454221, 0.33337533, 0.28269672, 0.27971342, 0.25271264, 0.2516365]","[[385.15, 69.99, 115.25, 276.16], [57.18, 288.48, 77.91, 39.63], [154.93, 168.83, 27.91, 17.24], [216.94, 238.66, 39.21, 59.95], [28.37, 344.02, 71.14, 40.92], [511.25, 44.8, 10.55, 47.0], [1, 263.35, 60.03, 40.85], [14.91, 238.76, 15.08, 7.2], [144.72, 269.33, 28.84, 33.44], [229.56, 193.26, 163.05, 118.8], [529.2, 43.76, 23.17, 84.11], [120.53, 272.17, 23.44, 34.5], [518.55, 45.09, 15.65, 68.57], [311.56, 43.89, 11.26, 27.03], [495.56, 200.48, 120.54, 30.27], [194.39, 85.67, 20.26, 43.19], [135.32, 249.91, 16.9, 25.46]]"
