,image,inference time,label,index,value,boxes
0,/home/pi/sambashare/BacArbeit/coco_test_images/000000397133.jpg,8.163014540999939,"['0: person', '45: bowl', '45: bowl', '39: bottle', '45: bowl', '44: spoon', '0: person', '2: car', '41: cup', '69: oven', '44: spoon', '39: bottle', '44: spoon', '44: spoon', '71: sink', '44: spoon', '44: spoon']","[0, 45, 45, 39, 45, 44, 0, 2, 41, 69, 44, 39, 44, 44, 71, 44, 44]","[0.93581676, 0.89802045, 0.75026536, 0.6702733, 0.65187925, 0.5902238, 0.5747874, 0.4637013, 0.43667796, 0.4248128, 0.37426814, 0.3454252, 0.33337328, 0.28269655, 0.27970952, 0.25271112, 0.25163624]","[[385.15228271484375, 69.99494084715843, 500.4029083251953, 346.15864288806915], [57.183499336242676, 288.4762082695961, 135.09038925170898, 328.10492235422134], [154.9278163909912, 168.82673412561417, 182.83519744873047, 186.06532961130142], [216.94358825683594, 238.66019994020462, 256.1526870727539, 298.6118366122246], [28.367502689361572, 344.01674765348434, 99.50654983520508, 384.9362948536873], [511.2455368041992, 44.802099764347076, 521.7956161499023, 91.79857510328293], [1, 263.3530907034874, 61.02770805358887, 304.20575219392776], [14.91434097290039, 238.7597395181656, 29.9929141998291, 245.96069371700287], [144.72347259521484, 269.3332025408745, 173.56576919555664, 302.7694910168648], [229.55621719360352, 193.25654873251915, 392.6068878173828, 312.0588929653168], [529.2007827758789, 43.762730702757835, 552.3693466186523, 127.86979913711548], [120.52604675292969, 272.17480170726776, 143.97027969360352, 306.6753568649292], [518.5464477539062, 45.094320707023144, 534.1930389404297, 113.66565915942192], [311.5564155578613, 43.89324437081814, 322.81505584716797, 70.92195565998554], [495.56278228759766, 200.481516122818, 616.1061477661133, 230.75183010101318], [194.3927001953125, 85.67299702763557, 214.6490478515625, 128.86790546774864], [135.3186321258545, 249.91209173202515, 152.21514701843262, 275.36973965168]]"
