,image,inference time,label1,index1,value1,label2,index2,value2,label3,index3,value3,label4,index4,value4,label5,index5,value5
0,/home/pi/sambashare/BacArbeit/randomized_iamges/0.jpg,0.045100532000105886,loudspeaker,633,0.015993952751159668,digital clock,531,0.018124476075172424,tennis ball,853,0.019501686096191406,nematode,112,0.027569379657506943,jellyfish,108,0.023808179423213005
1,/home/pi/sambashare/BacArbeit/randomized_iamges/1.jpg,0.03997405999984949,leatherback turtle,35,0.015582622028887272,nematode,112,0.01799406297504902,golf ball,575,0.017593063414096832,jellyfish,108,0.032670434564352036,tennis ball,853,0.044960036873817444
2,/home/pi/sambashare/BacArbeit/randomized_iamges/2.jpg,0.039689726000005976,digital clock,531,0.013575463555753231,revolver,764,0.013632976450026035,golf ball,575,0.020521683618426323,tennis ball,853,0.044014252722263336,jellyfish,108,0.02720281295478344
3,/home/pi/sambashare/BacArbeit/randomized_iamges/3.jpg,0.03992969000000812,digital clock,531,0.015051836147904396,nematode,112,0.023444494232535362,golf ball,575,0.016561109572649002,jellyfish,108,0.029030583798885345,tennis ball,853,0.03889128565788269
4,/home/pi/sambashare/BacArbeit/randomized_iamges/4.jpg,0.04008207800006858,digital clock,531,0.022618994116783142,golf ball,575,0.02458598092198372,jellyfish,108,0.02567182295024395,nematode,112,0.02913154847919941,tennis ball,853,0.04929201677441597
