,image,inference time,label
0,"[[[255 255 255]
  [255 255 255]
  [242 243 242]
  ...
  [124 155 185]
  [131 162 191]
  [135 166 195]]

 [[255 255 255]
  [255 255 255]
  [242 243 242]
  ...
  [145 171 199]
  [154 178 205]
  [159 182 209]]

 [[255 255 255]
  [255 255 255]
  [242 243 242]
  ...
  [167 185 210]
  [176 191 215]
  [182 195 219]]

 ...

 [[255 255 255]
  [255 255 255]
  [244 250 248]
  ...
  [106 193 198]
  [107 194 197]
  [107 195 196]]

 [[255 255 255]
  [255 255 255]
  [244 250 248]
  ...
  [101 189 190]
  [100 188 186]
  [ 99 188 184]]

 [[255 255 255]
  [255 255 255]
  [244 250 248]
  ...
  [ 98 188 185]
  [ 96 187 181]
  [ 95 186 178]]]",3.5117989489990578,"['tench', 'goldfish', 'great white shark', 'tiger shark', 'electric ray', 'cock', 'hen', 'ostrich', 'goldfinch', 'house finch', 'junco', 'indigo bunting', 'jay']"
1,"[[[208 193 131]
  [208 193 131]
  [208 193 131]
  ...
  [241 232 182]
  [241 232 182]
  [241 232 182]]

 [[208 193 131]
  [208 193 131]
  [208 193 131]
  ...
  [241 232 182]
  [241 232 182]
  [241 232 182]]

 [[208 193 131]
  [208 193 131]
  [208 193 131]
  ...
  [241 232 182]
  [241 232 182]
  [241 232 182]]

 ...

 [[ 14  15   5]
  [ 14  15   5]
  [ 14  15   5]
  ...
  [ 40  33  16]
  [ 40  34  17]
  [ 40  34  17]]

 [[ 14  15   5]
  [ 14  15   5]
  [ 14  15   5]
  ...
  [ 40  33  16]
  [ 41  34  17]
  [ 41  34  17]]

 [[ 14  15   5]
  [ 14  15   5]
  [ 14  15   5]
  ...
  [ 40  33  16]
  [ 41  34  17]
  [ 41  34  17]]]",2.9267934300005436,"['tench', 'goldfish', 'great white shark', 'hammerhead', 'electric ray', 'cock', 'hen', 'ostrich', 'goldfinch', 'house finch', 'junco', 'jay', 'magpie']"
2,"[[[147 165 164]
  [147 165 164]
  [148 165 164]
  ...
  [ 37  56  59]
  [ 37  56  59]
  [ 37  56  59]]

 [[147 165 164]
  [147 165 164]
  [147 165 164]
  ...
  [ 37  56  59]
  [ 37  56  59]
  [ 37  56  59]]

 [[146 164 163]
  [146 164 163]
  [146 164 163]
  ...
  [ 38  57  60]
  [ 38  57  60]
  [ 38  57  60]]

 ...

 [[ 77  92  91]
  [ 77  92  91]
  [ 76  93  92]
  ...
  [ 79  72  68]
  [ 79  72  68]
  [ 79  72  68]]

 [[ 77  93  92]
  [ 77  93  92]
  [ 77  93  92]
  ...
  [ 79  73  68]
  [ 79  73  68]
  [ 79  73  68]]

 [[ 77  93  92]
  [ 77  93  92]
  [ 77  93  92]
  ...
  [ 79  73  68]
  [ 79  73  68]
  [ 79  73  68]]]",2.9880930229992373,"['tench', 'goldfish', 'great white shark', 'electric ray', 'stingray', 'cock', 'hen', 'brambling', 'goldfinch', 'house finch', 'junco', 'indigo bunting', 'robin', 'jay', 'magpie']"
