,image,inference time,label,index,value,boxes
0,/home/pi/sambashare/BacArbeit/images/000000000285.jpg,15.106886705005309,['21: bear'],[21],[0.6764179],"[[7, 77, 582, 637]]"
1,/home/pi/sambashare/BacArbeit/images/000000000139.jpg,9.974131552997278,"['62: tv', '75: vase', '56: chair', '75: vase', '0: person', '56: chair', '58: potted plant', '62: tv', '56: chair', '75: vase', '74: clock', '75: vase', '75: vase', '73: book', '72: refrigerator', '0: person', '58: potted plant']","[62, 75, 56, 75, 0, 56, 58, 62, 56, 75, 74, 75, 75, 73, 72, 0, 58]","[0.92077464, 0.88634884, 0.8708982, 0.86742777, 0.7651001, 0.72882324, 0.6842492, 0.6792214, 0.6536899, 0.62581223, 0.5658766, 0.5599987, 0.5555121, 0.45472258, 0.4127103, 0.3967879, 0.2519933]","[[5, 166, 154, 262], [166, 233, 186, 267], [292, 217, 352, 316], [548, 299, 586, 402], [410, 155, 464, 297], [362, 219, 422, 317], [232, 176, 266, 213], [558, 208, 639, 286], [407, 220, 443, 310], [241, 197, 252, 213], [448, 120, 461, 142], [361, 214, 374, 231], [350, 207, 362, 231], [121, 72, 127, 108], [445, 168, 512, 288], [384, 172, 401, 207], [332, 176, 370, 230]]"
