,image,inference time,label,index,value,boxes
0,/Users/marounel-chayeb/BacArbeit/coco_test_images/000000397133.jpg,0.5078589160111733,"['0: person', '45: bowl', '45: bowl', '0: person', '69: oven', '44: spoon', '45: bowl', '44: spoon', '45: bowl', '41: cup', '43: knife', '45: bowl', '41: cup', '44: spoon', '69: oven', '44: spoon', '44: spoon', '39: bottle', '44: spoon', '44: spoon', '44: spoon', '69: oven']","[0, 45, 45, 0, 69, 44, 45, 44, 45, 41, 43, 45, 41, 44, 69, 44, 44, 39, 44, 44, 44, 69]","[0.9364811, 0.8714038, 0.6799905, 0.6648809, 0.6602796, 0.55906135, 0.54186463, 0.53513587, 0.5240628, 0.46676576, 0.44262314, 0.42814288, 0.4044073, 0.38925272, 0.36468512, 0.35047787, 0.33499295, 0.32097927, 0.29147723, 0.27525923, 0.26291817, 0.2503547]","[[385.9733581542969, 70.01689758300782, 114.45819091796875, 276.97443675994873], [56.69303894042969, 288.49066963195804, 78.22621154785156, 39.69195518493649], [154.9857635498047, 168.83536207675934, 27.861663818359375, 17.415481209754944], [0.1720256805419922, 263.53044981956486, 60.32480049133301, 37.787310791015614], [231.22012329101562, 193.86984844207765, 162.7916259765625, 118.02405977249148], [511.6646728515625, 45.443347418308264, 10.1278076171875, 46.072022187709806], [30.916690826416016, 343.12096271514895, 68.03242111206055, 25.903847885131825], [216.82298278808594, 238.785261964798, 22.86175537109375, 32.41747760772705], [31.011253356933594, 350.6004343032837, 68.263916015625, 35.34171676635742], [143.3901824951172, 269.2127217292786, 30.363739013671875, 33.03742771148683], [92.0493392944336, 356.87551517486577, 41.962379455566406, 31.421908760070778], [253.74172973632812, 264.67556982040406, 41.33673095703125, 17.669921779632602], [217.14398193359375, 259.07463989257815, 39.106201171875, 39.45503520965576], [530.6513061523438, 43.58534486293793, 22.6890869140625, 84.21411738395692], [488.2318420410156, 200.3198705673218, 131.44039916992188, 146.3301735877991], [518.6461181640625, 44.83486561775208, 15.9443359375, 69.12254300117493], [311.392578125, 43.230779337883, 11.06610107421875, 27.80568246841431], [120.64376831054688, 272.4098993778229, 23.658721923828125, 34.13032188415525], [324.326416015625, 44.87788829803467, 12.63311767578125, 32.21543593406678], [482.80072021484375, 45.20684484243393, 19.70001220703125, 51.08638378381729], [194.5790252685547, 72.30575304031373, 19.709075927734375, 56.99766035079955], [82.25244140625, 199.55609073638917, 111.2149658203125, 90.1647465705872]]"
