,image,inference time,label,index,value,boxes
0,/Users/marounel-chayeb/BacArbeit/coco_test_images/000000397133.jpg,0.5108899580081925,"['0: person', '45: bowl', '45: bowl', '0: person', '69: oven', '44: spoon', '45: bowl', '44: spoon', '45: bowl', '41: cup', '43: knife', '45: bowl', '41: cup', '44: spoon', '69: oven', '44: spoon', '44: spoon', '39: bottle', '44: spoon', '44: spoon', '44: spoon', '69: oven']","[0, 45, 45, 0, 69, 44, 45, 44, 45, 41, 43, 45, 41, 44, 69, 44, 44, 39, 44, 44, 44, 69]","[0.9364811, 0.8714038, 0.6799905, 0.6648809, 0.6602796, 0.55906135, 0.54186463, 0.53513587, 0.5240628, 0.46676576, 0.44262314, 0.42814288, 0.4044073, 0.38925272, 0.36468512, 0.35047787, 0.33499295, 0.32097927, 0.29147723, 0.27525923, 0.26291817, 0.2503547]","[[385, 70, 500, 346], [56, 288, 134, 328], [154, 168, 182, 186], [0, 263, 60, 301], [231, 193, 394, 311], [511, 45, 521, 91], [30, 343, 98, 369], [216, 238, 239, 271], [31, 350, 99, 385], [143, 269, 173, 302], [92, 356, 134, 388], [253, 264, 295, 282], [217, 259, 256, 298], [530, 43, 553, 127], [488, 200, 619, 346], [518, 44, 534, 113], [311, 43, 322, 71], [120, 272, 144, 306], [324, 44, 336, 77], [482, 45, 502, 96], [194, 72, 214, 129], [82, 199, 193, 289]]"
