,image,inference time,label,index,value,boxes
0,/home/pi/sambashare/BacArbeit/images/2008_000016.jpg,13.667407351007569,"['62: tv', '66: keyboard', '0: person', '62: tv', '64: mouse']","[62, 66, 0, 62, 64]","[0.83835036, 0.80056167, 0.4353154, 0.29636174, 0.27003786]","[[92, 38, 387, 309], [5, 321, 353, 374], [0, 0, 71, 16], [1, 3, 166, 355], [417, 353, 499, 374]]"
1,/home/pi/sambashare/BacArbeit/images/2008_000009.jpg,9.99864301198977,"['19: cow', '19: cow']","[19, 19]","[0.9212561, 0.8944407]","[[209, 160, 293, 221], [463, 167, 500, 217]]"
2,/home/pi/sambashare/BacArbeit/images/2008_000073.jpg,10.002834465005435,['19: cow'],[19],[0.94406325],"[[48, 194, 265, 290]]"
3,/home/pi/sambashare/BacArbeit/images/2008_000075.jpg,9.998865898000076,"['5: bus', '5: bus', '0: person', '0: person', '0: person', '0: person', '0: person']","[5, 5, 0, 0, 0, 0, 0]","[0.84182936, 0.75148207, 0.64429855, 0.60542214, 0.5249522, 0.46272174, 0.257947]","[[4, 71, 498, 258], [0, 113, 16, 191], [224, 126, 247, 144], [196, 122, 215, 144], [328, 123, 369, 157], [398, 132, 415, 206], [298, 120, 326, 148]]"
4,/home/pi/sambashare/BacArbeit/images/2008_000120.jpg,10.003529056994012,"['8: boat', '8: boat']","[8, 8]","[0.37638596, 0.25073647]","[[8, 49, 412, 273], [433, 243, 448, 259]]"
5,/home/pi/sambashare/BacArbeit/images/2008_000080.jpg,10.21008483300102,['16: dog'],[16],[0.9396464],"[[202, 73, 397, 282]]"
6,/home/pi/sambashare/BacArbeit/images/2008_000107.jpg,10.36101129600138,"['57: couch', '73: book', '73: book', '59: bed', '73: book', '73: book', '73: book', '73: book', '73: book', '73: book']","[57, 73, 73, 59, 73, 73, 73, 73, 73, 73]","[0.8700509, 0.53435165, 0.49265814, 0.46288365, 0.45370656, 0.4356731, 0.4297956, 0.30935496, 0.30842802, 0.2752067]","[[65, 193, 286, 484], [172, 270, 247, 309], [306, 326, 380, 365], [373, 410, 413, 498], [305, 407, 376, 435], [302, 356, 377, 382], [303, 387, 376, 417], [306, 324, 358, 349], [193, 483, 260, 500], [266, 217, 371, 271]]"
