,image,inference time,label,index,value,boxes
0,/Users/marounel-chayeb/BacArbeit/coco_test_images/000000397133.jpg,0.9598593749979045,"['0: person', '45: bowl', '45: bowl', '0: person', '69: oven', '44: spoon', '45: bowl', '44: spoon', '45: bowl', '41: cup', '43: knife', '45: bowl', '41: cup', '44: spoon', '69: oven', '44: spoon', '44: spoon', '39: bottle', '44: spoon', '44: spoon', '44: spoon', '69: oven']","[0, 45, 45, 0, 69, 44, 45, 44, 45, 41, 43, 45, 41, 44, 69, 44, 44, 39, 44, 44, 44, 69]","[0.9364811, 0.8714038, 0.6799905, 0.6648809, 0.6602796, 0.55906135, 0.54186463, 0.53513587, 0.5240628, 0.46676576, 0.44262314, 0.42814288, 0.4044073, 0.38925272, 0.36468512, 0.35047787, 0.33499295, 0.32097927, 0.29147723, 0.27525923, 0.26291817, 0.2503547]","[[385.97, 70.02, 114.46, 276.97], [56.69, 288.49, 78.23, 39.69], [154.99, 168.84, 27.86, 17.42], [1.0, 263.53, 59.5, 37.79], [231.22, 193.87, 162.79, 118.02], [511.66, 45.44, 10.13, 46.07], [30.92, 343.12, 68.03, 25.9], [216.82, 238.79, 22.86, 32.42], [31.01, 350.6, 68.26, 35.34], [143.39, 269.21, 30.36, 33.04], [92.05, 356.88, 41.96, 31.42], [253.74, 264.68, 41.34, 17.67], [217.14, 259.07, 39.11, 39.46], [530.65, 43.59, 22.69, 84.21], [488.23, 200.32, 131.44, 146.33], [518.65, 44.83, 15.94, 69.12], [311.39, 43.23, 11.07, 27.81], [120.64, 272.41, 23.66, 34.13], [324.33, 44.88, 12.63, 32.22], [482.8, 45.21, 19.7, 51.09], [194.58, 72.31, 19.71, 57.0], [82.25, 199.56, 111.21, 90.16]]"
