,image,inference time,label,index,value,boxes
0,/Users/marounel-chayeb/BacArbeit/coco_test_images/000000397133.jpg,0.5077518750040326,"['0: person', '45: bowl', '45: bowl', '0: person', '69: oven', '44: spoon', '45: bowl', '44: spoon', '45: bowl', '41: cup', '43: knife', '45: bowl', '41: cup', '44: spoon', '69: oven', '44: spoon', '44: spoon', '39: bottle', '44: spoon', '44: spoon', '44: spoon', '69: oven']","[0, 45, 45, 0, 69, 44, 45, 44, 45, 41, 43, 45, 41, 44, 69, 44, 44, 39, 44, 44, 44, 69]","[0.9364811, 0.8714038, 0.6799905, 0.6648809, 0.6602796, 0.55906135, 0.54186463, 0.53513587, 0.5240628, 0.46676576, 0.44262314, 0.42814288, 0.4044073, 0.38925272, 0.36468512, 0.35047787, 0.33499295, 0.32097927, 0.29147723, 0.27525923, 0.26291817, 0.2503547]","[[385, 70, 115, 276], [56, 288, 78, 40], [154, 168, 28, 18], [0, 263, 60, 38], [231, 193, 163, 118], [511, 45, 10, 46], [30, 343, 68, 26], [216, 238, 23, 33], [31, 350, 68, 35], [143, 269, 30, 33], [92, 356, 42, 32], [253, 264, 42, 18], [217, 259, 39, 39], [530, 43, 23, 84], [488, 200, 131, 146], [518, 44, 16, 69], [311, 43, 11, 28], [120, 272, 24, 34], [324, 44, 12, 33], [482, 45, 20, 51], [194, 72, 20, 57], [82, 199, 111, 90]]"
