,image,inference time,label,index,value,boxes
0,/home/pi/sambashare/BacArbeit/images/000000000285.jpg,4.740543560008518,['21: bear'],[21],[0.72217655],"[[10, 79, 582, 638]]"
1,/home/pi/sambashare/BacArbeit/images/000000000139.jpg,4.704948383005103,"['62: tv', '75: vase', '56: chair', '75: vase', '62: tv', '56: chair', '58: potted plant', '74: clock', '75: vase', '75: vase', '56: chair', '75: vase', '73: book', '60: dining table', '60: dining table', '73: book', '58: potted plant', '72: refrigerator', '56: chair']","[62, 75, 56, 75, 62, 56, 58, 74, 75, 75, 56, 75, 73, 60, 60, 73, 58, 72, 56]","[0.92315984, 0.8828769, 0.86140025, 0.81124353, 0.7610297, 0.7244301, 0.69498044, 0.67681444, 0.640876, 0.60194147, 0.5960959, 0.5488083, 0.4321779, 0.39857206, 0.35324663, 0.2979132, 0.29608938, 0.27265036, 0.2631008]","[[5, 166, 155, 263], [166, 233, 186, 267], [291, 217, 352, 317], [548, 298, 587, 401], [558, 208, 639, 285], [361, 219, 424, 317], [231, 177, 266, 213], [448, 120, 461, 142], [349, 206, 362, 231], [241, 197, 252, 213], [404, 219, 442, 311], [361, 214, 373, 231], [121, 73, 127, 108], [319, 226, 397, 318], [461, 354, 637, 425], [66, 62, 72, 101], [332, 176, 375, 230], [441, 164, 512, 290], [312, 218, 340, 230]]"
