,image,inference time,label,index,value,boxes
0,/Users/marounel-chayeb/BacArbeit/coco_test_images/000000397133.jpg,0.4351836669957265,"['0: person', '45: bowl', '45: bowl', '39: bottle', '45: bowl', '44: spoon', '0: person', '2: car', '41: cup', '69: oven', '44: spoon', '39: bottle', '44: spoon', '44: spoon', '71: sink', '44: spoon', '44: spoon']","[0, 45, 45, 39, 45, 44, 0, 2, 41, 69, 44, 39, 44, 44, 71, 44, 44]","[0.9357934, 0.8980083, 0.7504209, 0.67020935, 0.6518216, 0.5901652, 0.57490844, 0.46362343, 0.43656003, 0.42437375, 0.37396443, 0.34505448, 0.33337206, 0.28260684, 0.28091836, 0.25307167, 0.25185046]","[[385.25, 70.01, 115.27, 276.24], [57.2, 288.55, 77.92, 39.64], [154.96, 168.87, 27.92, 17.24], [217.0, 238.72, 39.22, 59.97], [28.37, 344.1, 71.16, 40.93], [511.37, 44.81, 10.56, 47.01], [-0.01, 263.42, 61.05, 40.86], [14.9, 238.82, 15.1, 7.2], [144.75, 269.4, 28.86, 33.44], [229.62, 193.31, 163.09, 118.83], [529.33, 43.78, 23.18, 84.13], [120.55, 272.24, 23.45, 34.51], [518.67, 45.11, 15.65, 68.58], [311.63, 43.9, 11.27, 27.03], [495.69, 200.53, 120.57, 30.28], [194.44, 85.73, 20.26, 43.17], [135.35, 249.97, 16.91, 25.47]]"
