,image,inference time,label,index,value,boxes
0,/home/pi/sambashare/BacArbeit/images/000000000285.jpg,6.399676322005689,['21: bear'],[21],[0.9025966],"[[0, 75, 586, 637]]"
1,/home/pi/sambashare/BacArbeit/images/000000000139.jpg,4.222587301992462,"['62: tv', '56: chair', '56: chair', '56: chair', '0: person', '75: vase', '75: vase', '62: tv', '58: potted plant', '74: clock', '60: dining table', '72: refrigerator', '0: person', '75: vase', '75: vase', '73: book', '75: vase', '58: potted plant', '68: microwave', '40: wine glass']","[62, 56, 56, 56, 0, 75, 75, 62, 58, 74, 60, 72, 0, 75, 75, 73, 75, 58, 68, 40]","[0.9225085, 0.87792593, 0.8473898, 0.8337266, 0.81258553, 0.8015778, 0.7833812, 0.7800366, 0.7674149, 0.7355725, 0.6127399, 0.6117584, 0.5570332, 0.50509095, 0.47658318, 0.45330215, 0.45207816, 0.40117055, 0.28904498, 0.2617648]","[[5, 165, 154, 261], [292, 217, 352, 320], [407, 219, 442, 310], [361, 219, 417, 318], [409, 157, 464, 298], [549, 301, 586, 401], [166, 233, 186, 266], [558, 208, 639, 287], [231, 171, 267, 212], [448, 120, 461, 142], [313, 221, 398, 318], [490, 173, 513, 284], [384, 171, 408, 215], [241, 196, 252, 212], [351, 204, 362, 230], [121, 72, 126, 108], [360, 214, 373, 230], [334, 175, 380, 228], [512, 205, 527, 222], [314, 191, 324, 213]]"
