,image,inference time,label,index,value,boxes
0,/home/pi/sambashare/BacArbeit/coco_test_images/000000397133.jpg,12.028096199999936,"['0: person', '45: bowl', '45: bowl', '45: bowl', '0: person', '69: oven', '44: spoon', '69: oven', '44: spoon', '69: oven', '44: spoon', '43: knife', '45: bowl', '44: spoon', '60: dining table', '45: bowl']","[0, 45, 45, 45, 0, 69, 44, 69, 44, 69, 44, 43, 45, 44, 60, 45]","[0.94116014, 0.8329236, 0.80133456, 0.738627, 0.6727065, 0.64636916, 0.46687037, 0.46092856, 0.45442426, 0.4060541, 0.36880648, 0.35676152, 0.31010857, 0.27780864, 0.26695502, 0.26691565]","[[385, 68, 115, 278], [29, 342, 70, 42], [154, 168, 28, 16], [57, 287, 77, 40], [0, 262, 59, 38], [232, 190, 158, 123], [519, 47, 14, 64], [76, 192, 119, 96], [511, 45, 10, 46], [489, 200, 130, 144], [537, 46, 24, 71], [217, 237, 22, 33], [217, 258, 39, 39], [135, 248, 17, 25], [2, 230, 342, 192], [155, 112, 19, 17]]"
