,image,inference time,label,index,value,boxes
0,/Users/marounel-chayeb/BacArbeit/coco_test_images/000000397133.jpg,0.20132554200245067,"['0: person', '45: bowl', '45: bowl', '45: bowl', '0: person', '69: oven', '44: spoon', '69: oven', '44: spoon', '69: oven', '44: spoon', '43: knife', '44: spoon', '45: bowl', '44: spoon', '60: dining table', '45: bowl']","[0, 45, 45, 45, 0, 69, 44, 69, 44, 69, 44, 43, 44, 45, 44, 60, 45]","[0.94116, 0.8329243, 0.8013348, 0.7386296, 0.6727084, 0.64636934, 0.4668704, 0.460926, 0.45442393, 0.40605503, 0.3688052, 0.35676232, 0.3371073, 0.31010824, 0.2778064, 0.26695547, 0.26691467]","[[385.66, 68.12, 114.87, 278.31], [29.62, 342.81, 69.9, 42.03], [154.85, 168.33, 28.01, 16.4], [57.08, 287.01, 77.66, 40.53], [0.0, 262.3, 59.9, 37.77], [232.72, 190.1, 158.1, 123.13], [519.84, 47.17, 13.43, 64.24], [76.43, 192.15, 118.65, 96.28], [511.97, 45.4, 9.47, 46.21], [489.11, 200.81, 130.2, 143.95], [537.86, 46.09, 23.67, 71.28], [217.15, 237.81, 22.62, 32.19], [524.7, 42.56, 29.71, 79.73], [217.42, 258.53, 38.79, 38.9], [135.73, 248.81, 16.84, 24.25], [2.2, 230.76, 342.58, 191.35], [155.48, 112.45, 19.11, 16.82]]"
