,image,inference time,label,index,value,boxes
0,/Users/marounel-chayeb/BacArbeit/coco_test_images/000000397133.jpg,0.19786404198384844,"['0: person', '45: bowl', '45: bowl', '45: bowl', '0: person', '69: oven', '44: spoon', '69: oven', '44: spoon', '69: oven', '44: spoon', '43: knife', '44: spoon', '45: bowl', '44: spoon', '60: dining table', '45: bowl']","[0, 45, 45, 45, 0, 69, 44, 69, 44, 69, 44, 43, 44, 45, 44, 60, 45]","[0.94116, 0.8329243, 0.8013348, 0.7386296, 0.6727084, 0.64636934, 0.4668704, 0.460926, 0.45442393, 0.40605503, 0.3688052, 0.35676232, 0.3371073, 0.31010824, 0.2778064, 0.26695547, 0.26691467]","[[385.66183, 68.11528, 114.86536, 278.3103], [29.622551, 342.8093, 69.899124, 42.031067], [154.8453, 168.32574, 28.006104, 16.398071], [57.077477, 287.0076, 77.660866, 40.526062], [0.0, 262.29547, 59.89552, 37.76709], [232.71585, 190.10353, 158.1037, 123.12572], [519.83514, 47.168102, 13.428711, 64.243744], [76.43473, 192.14719, 118.64861, 96.27814], [511.9737, 45.403564, 9.469238, 46.21173], [489.10764, 200.81296, 130.19571, 143.94781], [537.8567, 46.090813, 23.668945, 71.27927], [217.14726, 237.8143, 22.623657, 32.19287], [524.7001, 42.557755, 29.71228, 79.73288], [217.41597, 258.53458, 38.78618, 38.903442], [135.7305, 248.80762, 16.837524, 24.25409], [2.201233, 230.75894, 342.5841, 191.34552], [155.48024, 112.44778, 19.110687, 16.81765]]"
